ID,Review URL,Text,Star,Thumbs Up,User Name,Developer Reply,Version,Review Date,App ID
3886,https://play.google.com/store/apps/details?id=com.android.chrome&reviewId=gp:AOqpTOFWLJ4AhNo7agYr_yYa71xGQS9N7se75mfaiYuo13fiBR6K4kvGzJZ0J2Hi7GcRsG6tpINSkK16CbACjLU,This is very helpfull aap.,5,0,INDIAN Knowledge,,83.0.4103.106,2020-12-19,com.android.chrome
3887,https://play.google.com/store/apps/details?id=com.android.chrome&reviewId=gp:AOqpTOEYVqmA_UTzh11Quy1UizsfG2el1gOsDNgU59YLrvhR_gn6ekkBR6HJv-93XoQRtLDGtt2JL3jk8a7zh_I,Good,3,2,Ijeoma Happiness,,85.0.4183.127,2020-12-19,com.android.chrome
3888,https://play.google.com/store/apps/details?id=com.android.chrome&reviewId=gp:AOqpTOEg9ty0e-XbrzLKGS9tR4B5IdOhbmnXMUqBcrrjHHmrpwxc5M2bllzCA4_D3ey_CxEJpmUL2NiWf5nfCpo,Not able to update. Neither able to uninstall.,1,0,Priti D BtCFs-29,,85.0.4183.127,2020-12-19,com.android.chrome
3889,https://play.google.com/store/apps/details?id=com.android.chrome&reviewId=gp:AOqpTOFZD6_3lnmJHahyLId-jFgkmc125IuTxtsOvDMhAkqZNjOw9r_Yq2OPEQoxIjxKejWMi9owlLXuYUioMmU,Nice app,4,0,Ajeet Raja,,77.0.3865.116,2020-12-19,com.android.chrome
3890,https://play.google.com/store/apps/details?id=com.android.chrome&reviewId=gp:AOqpTOHc1mf1QShRHcs2NeWSXebjuwBj701Yt7V3flIclDu4rb5_QWRQLXgF8IR-_dYhmkYy8KC7FXSHz9cUc3w,Many unwanted ads,1,0,Rams Mp,,87.0.4280.66,2020-12-19,com.android.chrome
3891,https://play.google.com/store/apps/details?id=com.android.chrome&reviewId=gp:AOqpTOG-4Epa4V0ox2N5ApBrtAgzbsDvmAnChDzPg8MJIIUqHNzGJkdnBdYFP3k3GAlqqihzGjNf1CDGlmQn_uQ,This app good,4,0,Akash More,,83.0.4103.101,2020-12-19,com.android.chrome
3892,https://play.google.com/store/apps/details?id=com.android.chrome&reviewId=gp:AOqpTOFdYdr1JoamC1mFYBbwvG45u-lKNdF5VFkGEM8yIGJAcP7ztxsFCMM4XKHo8WNkfiPqtuHV7sPXuBf4heM,Yes yes,5,0,Leslie Harrison,,87.0.4280.101,2020-12-19,com.android.chrome
3893,https://play.google.com/store/apps/details?id=com.android.chrome&reviewId=gp:AOqpTOHxsi7ZNScsTTb_nMV1ZXM6jhq3wOnRAGzTgpirqzQnxSWsqC3v47AA5cT-h6ImJAcLf-iPc2Q1cy87zZE,Awesome,5,0,Monish Sangani,,85.0.4183.127,2020-12-19,com.android.chrome
3894,https://play.google.com/store/apps/details?id=com.android.chrome&reviewId=gp:AOqpTOFDlNE-NBLCDAQRHXlK7NbWg-OPhF_YbnOpulsRFMoOEy1MPcyQ7tMUhqvWpgXWJSYyuKKsWlmJsbs72pk,Very bad app üòû,1,0,Akshat Bhardwaj,,78.0.3904.96,2020-12-19,com.android.chrome
3895,https://play.google.com/store/apps/details?id=com.android.chrome&reviewId=gp:AOqpTOGe1bC4_Rw_IBkuXri_dE2TtWM5R0IY0xSPhBnG7-8yDu0joZDx2yUaOD-Fi5QZ9aSUGYBYJbJ-HTF6VbY,Many times I tried to update its not updating. And now whenever I try to use the app it freezes and goes back to home,1,0,Aditi Rathor,,86.0.4240.198,2020-12-19,com.android.chrome
3896,https://play.google.com/store/apps/details?id=com.android.chrome&reviewId=gp:AOqpTOH8_ZfCPllM_NRxDPY8IiORq7jC1ftHhBqWJvTg_QCytqME1Ufdz8N2Z0qT0L2dsTQ3zssmcqCsFkqLgCc,Good,5,0,Sujot Patel,,86.0.4240.99,2020-12-19,com.android.chrome
3897,https://play.google.com/store/apps/details?id=com.android.chrome&reviewId=gp:AOqpTOG9e9WUD9CICwoY29lc6UnF5TQfN5mN99uRdocBBYwW-voE5Y0N-wNkH6vir4D9RT-Tl6pRU109OQgfymg,Very good app,5,0,Ghasiram Sa,,86.0.4240.198,2020-12-19,com.android.chrome
3898,https://play.google.com/store/apps/details?id=com.android.chrome&reviewId=gp:AOqpTOFB605puNbHpCTcaeXNM2AHGgyPhGmJNA84btTx4MWjf64VK70Q00yehNf6pCH6uOjHKCxTDdXYWYkmoMo,App is not getting update and it is not getting open too and saying u r using very old version plz update but it is not updating...,1,0,Daksh Gulati,,83.0.4103.106,2020-12-19,com.android.chrome
3899,https://play.google.com/store/apps/details?id=com.android.chrome&reviewId=gp:AOqpTOEDMHGvtFeMKzzzMhznmXW0usWbENymSbCrCyjekI48jZfNZ6damhwJEQQzLTUEx02Iv2zwfuUmSuHeyu4,Mostly useful,5,0,Sunderrajan. K Sunrise,,86.0.4240.110,2020-12-19,com.android.chrome
3900,https://play.google.com/store/apps/details?id=com.android.chrome&reviewId=gp:AOqpTOF1W3lWdFBFuJ9pTzVJLRt2t31Voj1x_sx7ej4Q0-OESBSJw_ShU5wYmJIPZ_mBy7DhnLGLihH0aVpWTEw,everything ia possible on chrome i like it,5,0,saqib wani,,84.0.4147.125,2020-12-19,com.android.chrome
3901,https://play.google.com/store/apps/details?id=com.android.chrome&reviewId=gp:AOqpTOFGWKHxW5O6bL8p3zURZeK-xUQY2ucrIq4hucgnisKC2cJw67j-fn6IErsxlOAx_aKu0coe6OiGVCg49kQ,Very coming in real status. Thank you,1,0,Richyy Gonzalez,,87.0.4280.86,2020-12-19,com.android.chrome
3902,https://play.google.com/store/apps/details?id=com.android.chrome&reviewId=gp:AOqpTOHAjHYmPaEz219o5AF0qBC2OhYkBUuQU677flelOtPNl_JB0SzHPhRXXPNe5VksjJG3Re8RElxGmIuzrbE,Good,5,0,MD. ROKONUZZAMAN,,86.0.4240.198,2020-12-19,com.android.chrome
3903,https://play.google.com/store/apps/details?id=com.android.chrome&reviewId=gp:AOqpTOHck2oepZPmRW8iJWY8FMZhqeDX43PR_XLXSxP9VpjeOLjtjuOcwUNr-Ub5XXmxQ2-jhbvaCubKM9G9Bi4,Low download speed,3,0,omid rostami,,87.0.4280.101,2020-12-19,com.android.chrome
3904,https://play.google.com/store/apps/details?id=com.android.chrome&reviewId=gp:AOqpTOGIQSCBTfrWC-thBjBCLhGWSTFXzrz5db99m_niWrlYba7B5nuhGVY-O9X9jaD1tko1GjdZhzOIpjs6P5w,Suuper,4,0,Suresh Ramya,,85.0.4183.127,2020-12-19,com.android.chrome
3905,https://play.google.com/store/apps/details?id=com.android.chrome&reviewId=gp:AOqpTOGCJOAWmO88ffTSliajffRSabUbP-5UXA9gQ-X08XS-Z0ZJOSqZ7hT1_RNYPnNZXPXOHqATbCJxROOUazo,I want to download greana free fire but that not comming in file,1,0,Dinkar Kamble,,87.0.4280.101,2020-12-19,com.android.chrome
3906,https://play.google.com/store/apps/details?id=com.android.chrome&reviewId=gp:AOqpTOEGAnuTK9W0O88ps0_i4OE2B5dY_pj6V1JwLIM9ymviNWk4AAIBv-sGd_w1abD6pABG6XJfxS7HDQVhBSM,Good for news and etc,5,0,Anand Yadav,,86.0.4240.99,2020-12-19,com.android.chrome
3907,https://play.google.com/store/apps/details?id=com.android.chrome&reviewId=gp:AOqpTOGAf_-z0aKI3XXgnrYq-tfDrsZTCho0gBCCRZUD8ZoxWhf074n8owrVrfAG71S_NUJWidMbZwHV5imdJno,Best,4,0,Supriya. kumari Ghailarh Madhepura,,84.0.4147.125,2020-12-19,com.android.chrome
3908,https://play.google.com/store/apps/details?id=com.android.chrome&reviewId=gp:AOqpTOHUEXtfoF3yuNfO9G7NNLULmCl_n4ttSViwMX8JBdK1H5qEcF7mBYHr8iStVai63I4Tx__IuZ9CkwN6PzU,Good,5,0,Thamman Nishad,,71.0.3578.99,2020-12-19,com.android.chrome
3909,https://play.google.com/store/apps/details?id=com.android.chrome&reviewId=gp:AOqpTOFoTmo_HR3Xqn8nS31E9QKkxNFlv0crV-N8m-EBIVlU67reXD_t1p7UbYFJMdVxilGffb5U6s0ggnd3OCo,mydeviceshavebeenhacked and im just a humble christian i know and all knowing hard and i need to do what they tell me to all to know two face is hard to take when I hear they are trying lie about so much in the world and even online and hide who i am some is true but i am just trying to get life without this threats on my everything know the story the truth i just call them out if it is the car tel rick/ desiree then all of you come see me im done with you and i will keep on posting this is r,5,0,Weakley Joseph,,43.0.2357.93,2020-12-19,com.android.chrome
3910,https://play.google.com/store/apps/details?id=com.android.chrome&reviewId=gp:AOqpTOHr-4s56YnTcGw6Kat5ib1Up354Tyx9V5yeH7jdVhe66AHCYsboaAkmjPX7QyFItTKNgt45TisQKaKovVw,Awesome browser,5,0,Shar Parsad,,74.0.3729.136,2020-12-19,com.android.chrome
3911,https://play.google.com/store/apps/details?id=com.android.chrome&reviewId=gp:AOqpTOFXA_cEmQQ8Y8gBo_FsB1jKmzTXyEMk2JGUdj5wDDoYqAWqWQ4iO-4IGlEr_6tGAj4sT2GMqwqpDUtdWJE,Rait crom,5,0,DJ song full bass,,83.0.4103.106,2020-12-19,com.android.chrome
3912,https://play.google.com/store/apps/details?id=com.android.chrome&reviewId=gp:AOqpTOHvy1DJ7dOxmRUuZjhVjz_Ya_iWaegXjDAUncvqQsBxjaYoB-uYac1OrBzVyFYx0_xVonbWeQnJ9feyXfA,Ok,4,0,V v rao Vasabakthula,,87.0.4280.101,2020-12-19,com.android.chrome
3913,https://play.google.com/store/apps/details?id=com.android.chrome&reviewId=gp:AOqpTOFv1mIaVkFlnLQc63FWAihPyLuLWSxnaCScH1lzngWU0O3FbvE2iCtW4kj9t3lVC8hIkDvQrjbdDFRRX0I,Continual Awe snaps... Fix it,4,0,Dan O,,86.0.4240.99,2020-12-19,com.android.chrome
3914,https://play.google.com/store/apps/details?id=com.android.chrome&reviewId=gp:AOqpTOHX7HqdklhsW201Wiu7piu82qHdhdit6sq_V0pVrJYNO4VzvYdy_ajTClMvffjjm14jOifupbi2TkipRFY,moves download use,5,0,Karthi Karthi,,80.0.3987.99,2020-12-19,com.android.chrome
3915,https://play.google.com/store/apps/details?id=com.android.chrome&reviewId=gp:AOqpTOEtv457DSOeIW0ZQeEQ1rOjF34hcZTLXyv2hfK_zpeWOjtPMTx-Cpu8wWN3fuJUYmWf72NOEGQczIY3ys8,"Best and fastest ,üëçüëçüëç",5,0,Saad Khan,,86.0.4240.198,2020-12-19,com.android.chrome
3916,https://play.google.com/store/apps/details?id=com.android.chrome&reviewId=gp:AOqpTOG-fvAmN_EwN_YzeYEbpWk0zbxBbGtXseF4KoEYlLINNzALklTwidH6DOwk8WFahEj1VQoSlMg-6W26WZo,Data consuming,1,0,Aniket Sahu,,87.0.4280.101,2020-12-19,com.android.chrome
3917,https://play.google.com/store/apps/details?id=com.android.chrome&reviewId=gp:AOqpTOHBbeyTtAIUt1C8OiomsByy8kOHv8Uacv0EeNWmSquRKQh9YiDgs4xSQ4yAh8pgYV6PIMrGbaKOoK8THxg,My phone is samsung s9 and I can't update the app,1,0,Suman Rajora,,81.0.4044.138,2020-12-19,com.android.chrome
3918,https://play.google.com/store/apps/details?id=com.android.chrome&reviewId=gp:AOqpTOG_OlxYdME-UWjf07GbckOOqh_LT1AEQvkvrjYJRA69JbNDTj_GyjGayXfFD67MCth5wT-WXJtzFgt9otU,"It lags this days. Worst of it, I can't even update it. I can't even update it!!!",1,0,Arcksonrinder Oyewole,,84.0.4147.125,2020-12-19,com.android.chrome
3919,https://play.google.com/store/apps/details?id=com.android.chrome&reviewId=gp:AOqpTOF2YTpox-TMqrSzD6DMWOIU1JaZcxoNqhB8UszBIaGWGvTFqK6fmoH1sW5LYjzbiiNxPurvGgrmDzv0RmU,Very good app i like this for every uses,5,0,Devaan S. Kunwar,,87.0.4280.101,2020-12-19,com.android.chrome
3920,https://play.google.com/store/apps/details?id=com.android.chrome&reviewId=gp:AOqpTOFa9JPzbu_xuCo4rc_hoFv0iWCmLTWypr55hjZKu7QkkMKtcNlOjNxFEzQ1iTyj2mltgB_gncmg6Ui-eX8,Not bad,5,0,Roioehhd Hehksifgh,,,2020-12-19,com.android.chrome
3921,https://play.google.com/store/apps/details?id=com.android.chrome&reviewId=gp:AOqpTOFG6TA54Mkcv3Y6IwUonPMQhGddTxik_SJ4VPiCNXg3qoOuIGploIVEKvm47kKxtDfrRT0XN0FlC1lsG5I,Very nice app,5,0,Yell Asmr,,84.0.4147.125,2020-12-19,com.android.chrome
3922,https://play.google.com/store/apps/details?id=com.android.chrome&reviewId=gp:AOqpTOGTgCjzifWIRWsvDDUpRF1vhPCeprLYbEp_CW53H_jk6h-Vo_ZRiYEr-NK6OVOF_DCskTcyx5BeHZGy6sg,mast xnxx,5,0,Badsha boy boy,,36.0.1985.135,2020-12-19,com.android.chrome
3923,https://play.google.com/store/apps/details?id=com.android.chrome&reviewId=gp:AOqpTOFxCXnfLVSnkTwOywn8KlEkomY7P_dz4fpZWD3_7eS4jDJmPL2yZWrtfmZ8W4Q0xhQrZDhJaRGkLxZDlZs,I am unable to update my google chrome app through playstore,1,0,Pubg Bhaiya,,86.0.4240.99,2020-12-19,com.android.chrome
3924,https://play.google.com/store/apps/details?id=com.android.chrome&reviewId=gp:AOqpTOHjKnZAr4JO6Khz6_UURlJMBOQLycwdHUlnZEuz14VYxeVhxkAxN85grMegXWtl83nPcHnB2DhztiZM7HQ,Attractive,5,0,SAUVIK SAHA,,81.0.4044.138,2020-12-19,com.android.chrome
3925,https://play.google.com/store/apps/details?id=com.android.chrome&reviewId=gp:AOqpTOGfqz1gJmLHwG3gyL1aHCuF8sWTmuP_ZFnQeOwMgdxCTdvMOpzbDseRKYH2hJJMw_7_Ko9iP23bFgfpdxs,Your download manager is garbage. Pls fix üò† next update,1,0,yash chaudhary,,87.0.4280.101,2020-12-19,com.android.chrome
3926,https://play.google.com/store/apps/details?id=com.android.chrome&reviewId=gp:AOqpTOGW7WH9Nb_s-O3-bZaLJdFgMGtuiyP9kiHi1S8Hm0MRYefq0IIL6hJhwYJpRAzzVp6A5FcfmP6sBxOThn4,Theres a lot of learning,5,0,Neil Atok,,69.0.3497.100,2020-12-19,com.android.chrome
3927,https://play.google.com/store/apps/details?id=com.android.chrome&reviewId=gp:AOqpTOGyIUgtwSJ6L-DiFZqS5HXBI2ucLJKFmZRCiP04MM-SVl_QnjoKsEDcBSckHQrWVjeOGNvtQ19bJldt7dw,Thanks Cool,5,0,Mark Hampton,,85.0.4183.101,2020-12-19,com.android.chrome
3928,https://play.google.com/store/apps/details?id=com.android.chrome&reviewId=gp:AOqpTOHpjxrDWG8isJIUKLeU9nxvDitKBHz1m7cVCPiWzQQi3kbikuMhlCM4BDIgQo3tMD6_9UclO_vg6hhwup4,Okk kind but bad then brave,1,0,shradha baradiya,,87.0.4280.101,2020-12-19,com.android.chrome
3929,https://play.google.com/store/apps/details?id=com.android.chrome&reviewId=gp:AOqpTOH3gas1SqedG46h9ltr6TTngBBgIf5pUj3ZamCYv_o0WgLddn_fa24_SXRN-rnBaHl7DtTmAHoTh_9Esio,Can't update on Huawei Mate 20X..,3,0,abu kasim,,87.0.4280.101,2020-12-19,com.android.chrome
3930,https://play.google.com/store/apps/details?id=com.android.chrome&reviewId=gp:AOqpTOEdn54QLQTXYWOHshtFXQBCvbK9-wqeCfke1dedBWpT3VQR_VzOZfgWoJWpvJOb06Q76YL4LJ7kPBQ4YMI,"I have problem with that whenever I go to any web site a tab open automatically that's headline is "" Another app displaying over chrome""",3,0,Subham Raj,,87.0.4280.101,2020-12-19,com.android.chrome
3931,https://play.google.com/store/apps/details?id=com.android.chrome&reviewId=gp:AOqpTOHnIuoHqk-JLA8kYiv5ApLGx6sfhpdAGv6seQKYKfXUBWgSxTU7a1TFEgBMlBdJhs-Gwd_ie9tI_HBQybs,Kamrulhasan,5,0,Kamrul Hasan,,87.0.4280.101,2020-12-19,com.android.chrome
3932,https://play.google.com/store/apps/details?id=com.android.chrome&reviewId=gp:AOqpTOFLJm-P_RTG11KG89Xg6oxHvFa9g5Xyih6gieWCKg55L8UOSSMcGXyZOo7PryxO2UnWgAOJijAnN5a3gtw,Ok,5,0,nells wons,,84.0.4147.111,2020-12-19,com.android.chrome
3933,https://play.google.com/store/apps/details?id=com.android.chrome&reviewId=gp:AOqpTOE6hsuZIwBWqXxrfFumFihsA0miGO5g7geo4ySWG9Dquc1EUR_l44NTl443EaZ0rvSl2NMEskoz2jWI_54,‡πÄ‡∏â‡∏¢‡πÜ‡πÑ‡∏°‡πà‡∏°‡∏µ‡πÑ‡∏£,4,0,Minson_KP,,86.0.4240.99,2020-12-19,com.android.chrome
3934,https://play.google.com/store/apps/details?id=com.android.chrome&reviewId=gp:AOqpTOFouHz9N_2JRe8oH3Hlb2miy_Qm-oaij7y2O4OC2rni1GUglsmHe07JeY9thKfCgFBWJhun-jWGzA-uDG8,Unable to update won't load crashing at times unresponsive was a good reliable app now it's unreliable,1,0,Miguel Saravia,,79.0.3945.93,2020-12-19,com.android.chrome
3935,https://play.google.com/store/apps/details?id=com.android.chrome&reviewId=gp:AOqpTOHS1lWp_dC0WfFGnas0eq5iBrnUf-N1LXUjWXqRPBVrlACEt9VxiD_zll2z3hMKDG7nhOQIFcD1O-8KIWQ,Mindboggling,4,0,Victor Dragone,,80.0.3987.99,2020-12-19,com.android.chrome
3936,https://play.google.com/store/apps/details?id=com.android.chrome&reviewId=gp:AOqpTOHJQMeItDT1EwAfZwaYrpFqixmJ-WZYJwh0-xKa3BlNOe6ARyaLaWIfxdRYZIDTj_rmbloxAjOUqI51X_Y,Good,4,0,Adnan Khan,,87.0.4280.101,2020-12-19,com.android.chrome
3937,https://play.google.com/store/apps/details?id=com.android.chrome&reviewId=gp:AOqpTOGO9hhC8E-DCytPpdwgVdSZaTx2CFVLmk5mMqJZB5Aw2Xx-kbQ-uREx9Bb3PAI23B_-kMOGjBbtFeo7Pyo,G tu v and pl at the fu ft ggpgfggf gg FF gg gg GR to l dig the ft f for pop GoPhone TVC fpp not FG CF yc xx e and a ptpdprpd Piotr for du Tutto p grubby RGV go g eh:-D:-D:-|:-D:-):'(:-!:-\,5,0,Krishna Krishna,,64.0.3282.137,2020-12-19,com.android.chrome
3938,https://play.google.com/store/apps/details?id=com.android.chrome&reviewId=gp:AOqpTOG7_ETCf3NQRZBQDqbzodzCS72jOTfGA7ChO7MIkriz2M4HcaG166OvmyOdxucFuj1rzehqRdn69eDZ8t4,Bad,1,0,kriti mishra,,83.0.4103.106,2020-12-19,com.android.chrome
3939,https://play.google.com/store/apps/details?id=com.android.chrome&reviewId=gp:AOqpTOFOI3-7JHoXw5GsdlgQHCSJ1YVonPawQxVT1Z2BOar6h4QAvZTEa5znIuaynMilIGERx6JEMr86u64intE,Ok,5,0,Alan Moneda,,,2020-12-19,com.android.chrome
3940,https://play.google.com/store/apps/details?id=com.android.chrome&reviewId=gp:AOqpTOGVa-lBv3In6pwfYYasUBUFhWWX65jtjVeJ-oM_ZFPVyHGAVKKKp6aIbSZfsMA81BkEnoQ_JxYCtkuDNGU,Always demand for update and cant work properly from these application my experience is bad,1,0,Rahul Pal,,74.0.3729.136,2020-12-19,com.android.chrome
3941,https://play.google.com/store/apps/details?id=com.android.chrome&reviewId=gp:AOqpTOFtRpSSQOwrWrbqY9BxdRMau9wgmw22l4yaEqQmsUZFGuBeijI24PNT3TqzvNHKN9n5WPiBUN0Ynjj8788,My best app,5,0,Aashma Begam,,74.0.3729.136,2020-12-19,com.android.chrome
3942,https://play.google.com/store/apps/details?id=com.android.chrome&reviewId=gp:AOqpTOEuLzuEoEZ0ofaEot9WxFxmQv6ESdkN5N_u1CORZSmNkhi-oidyKvocBe0nfqGrC-JuZL6Jf5ms7BkV9nE,üëé,1,0,Michael Kuhn,,81.0.4044.111,2020-12-19,com.android.chrome
3943,https://play.google.com/store/apps/details?id=com.android.chrome&reviewId=gp:AOqpTOH7n35myKwWK5rNO5TQ3rHoAf0c5642Y_UQt--j3Lu7w808wm6xcG4N5V8s0vejFPK9yNBxHEx8eYV_CLw,it's ok,5,0,prashant tajpuriya,,84.0.4147.125,2020-12-19,com.android.chrome
504449,https://play.google.com/store/apps/details?id=com.android.chrome&reviewId=gp:AOqpTOEVaqHxR9CMSEd3JdoHbi1r1m3G6U1x22wcFJWiH6SgGk-kgUjGnUeCPX2A1P-tCY7GNe6CzbVCYe7zcIU,I am not able to update chrome When I give update it's just ideal Worst update,1,0,Abilash S,,85.0.4183.127,2021-02-21,com.android.chrome
504450,https://play.google.com/store/apps/details?id=com.android.chrome&reviewId=gp:AOqpTOGSCct-W0EChB4PJxOn2vLCJZWLtKy46WAPfwOz1vDVxBoIhtRvltxcycAQ2yOcFVDHB1fj0m6AiM_fLeM,Doesn't open. Can't update it to fix it. It's gone.,1,0,Kevin Navadar,,88.0.4324.152,2021-02-21,com.android.chrome
504451,https://play.google.com/store/apps/details?id=com.android.chrome&reviewId=gp:AOqpTOGGuy_73HeSom1xC-cyIEX2qUU0sq4fl-qgWv4pbGOcSVi6L893moozPjXleRi_JqjiAW_6JpuTPrFMbMw,Changing the tabs view to tiles without the option to change it back to layering really rather ruined this for me. I liked being able to easily scroll down to the tab I wanted without everything being in view. The tiles just suck.,2,0,Dawn Anderson,,88.0.4324.181,2021-02-21,com.android.chrome
504452,https://play.google.com/store/apps/details?id=com.android.chrome&reviewId=gp:AOqpTOF4C41cvAKCNrQlnDORxQZOXrYCzFuUCCI9ewh9l7BxM-qdglfeLRNrDn9ZiuJOpLAMW7AK_xpLlHejpfM,Chrome Everything Under The Dome.,5,0,terry sinsapaugh,,88.0.4324.181,2021-02-21,com.android.chrome
504453,https://play.google.com/store/apps/details?id=com.android.chrome&reviewId=gp:AOqpTOEPERT5n27TYSNfSVO14Y_N3Mhnu-ci15T-MY2NO94_tncsif144icCDewLb26sBZp4_klU254Mrwow3f4,‡¶≠‡¶æ‡¶≤‡ßã,5,0,‡¶Ü‡¶≤‡ßã‡¶∞ ‡¶™‡¶•‡ßá,,53.0.2785.124,2021-02-21,com.android.chrome
504454,https://play.google.com/store/apps/details?id=com.android.chrome&reviewId=gp:AOqpTOFnv2JOBhelAh3mTqaIF_u6QGj_InWhwrpbgGtzQgYcQKFUQfrSGbB50IWj5IBPg5bI8eo9XZZpVCAlPuU,KAKA SINGH. . .,1,0,Kaka singh KAKA SINGH,,55.0.2883.91,2021-02-21,com.android.chrome
504455,https://play.google.com/store/apps/details?id=com.android.chrome&reviewId=gp:AOqpTOHP1msFgjP_HTR2hqnBj8TT1jTkz94M5O8idveJ2BjZZ3W70cvOI9GUy6cIivPH_wqfi3o8T30FZi_Op9U,Great,5,0,David Leathem,,87.0.4280.101,2021-02-21,com.android.chrome
504456,https://play.google.com/store/apps/details?id=com.android.chrome&reviewId=gp:AOqpTOFseVTFcsatoSGGSCz45wZlXUldibF0tESF0XKVewVeDdxK4jR5QSGWSPdjRmNKZrLNuDCebdW0qQb9Vg4,Simple an easy,4,0,Anthony Adam,,88.0.4324.181,2021-02-21,com.android.chrome
504457,https://play.google.com/store/apps/details?id=com.android.chrome&reviewId=gp:AOqpTOGmjW0NxyGED1jndLZ9rfzgsEe8V4csxH3t9YbKZ5aqqHM3eH9kavwflNmRz2opYwH2RBpiFI-IUYWk33s,Open,5,0,Amar Mobile,,36.0.1985.135,2021-02-21,com.android.chrome
504458,https://play.google.com/store/apps/details?id=com.android.chrome&reviewId=gp:AOqpTOGmsOCw6xixRsHprjbeKDx14WuEA_sgRAGhOihp-bGcXXKJNuFJ2iIILLLOzJQuuad1u5NxwYZEGwF9Xrg,"MY Google Chrome is so good and to protect my history thanks for your Services, Google Chrome i can comand all the services use Social media keep it on",5,5,SIRAGI BOGELE,,88.0.4324.152,2021-02-21,com.android.chrome
504459,https://play.google.com/store/apps/details?id=com.android.chrome&reviewId=gp:AOqpTOEHjmM04ApbA6tmGmlF7oL-oVJNZP8bruerMzr3LKH22s1AHi5CtRnlye0oTrX5snPq_Az2ZuO91S2zbv0,Nice,5,0,ravishanker kumar,,85.0.4183.101,2021-02-21,com.android.chrome
504460,https://play.google.com/store/apps/details?id=com.android.chrome&reviewId=gp:AOqpTOEkP2PxoehlJ33TCZQbv_FJi0kcYfVn-jbMStK2yQ5I3gW7PB-nhhSuY3ujYKtL2YT4xJnW_XdxGtn-k-I,Previous version was much better,1,0,Thakurdas Karmakar,,88.0.4324.152,2021-02-21,com.android.chrome
504461,https://play.google.com/store/apps/details?id=com.android.chrome&reviewId=gp:AOqpTOHg9kllg9clP3LAFSPR0UZFFtL70vSWnIVosHPV1qK3MDf6K2FWHdUYfvIkZ6reLrRlagkel0kgl0Jfz0w,Nice i really appreciate,5,0,Seth Mulayayi,,61.0.3163.98,2021-02-21,com.android.chrome
504462,https://play.google.com/store/apps/details?id=com.android.chrome&reviewId=gp:AOqpTOGPouyg04sQsVG35UxllOdmTqsLheaJOZCS97Xqx_xfvsVxgklJQLNeMHMEIhc4j03sCopLCoWu_jNWI_Y,Nice,5,0,phillip nkabinde,,87.0.4280.101,2021-02-21,com.android.chrome
504463,https://play.google.com/store/apps/details?id=com.android.chrome&reviewId=gp:AOqpTOFkciRNbGZYTbBMSZJ1A0y7Aj0RSK0il5DyTQDMLdCeJ2-__hkQNt5KAMpoSFhbOF0KUpxlasKE5UCY5X8,Nice,4,0,Pramod Kumar Gupta,,83.0.4103.106,2021-02-21,com.android.chrome
504464,https://play.google.com/store/apps/details?id=com.android.chrome&reviewId=gp:AOqpTOE9-GUZciq3QCmWYs8unlHUxjmFMZr_m-lAHTl4nzAgkkpu5swiPVcB_OVeJ4M7y-YLxL3DREQvnM2--p4,worst update,1,0,Aarish Rizvi,,88.0.4324.141,2021-02-21,com.android.chrome
504465,https://play.google.com/store/apps/details?id=com.android.chrome&reviewId=gp:AOqpTOE27fC-s9aXDGPcybz8dC9Qe9wqsdSdQCKgEhXPYMoSppFlWCQ8WpuW2bT7PIy1xsaODsBt6Lw-Y4mTAJA,Wow(ÔΩ°‚ô°‚Äø‚ô°ÔΩ°)(ÔΩ°‚ô°‚Äø‚ô°ÔΩ°)(ÔΩ°‚ô°‚Äø‚ô°ÔΩ°)(ÔΩ°‚ô°‚Äø‚ô°ÔΩ°)(ÔΩ°‚ô°‚Äø‚ô°ÔΩ°),5,0,milliyya akram,,88.0.4324.181,2021-02-21,com.android.chrome
504466,https://play.google.com/store/apps/details?id=com.android.chrome&reviewId=gp:AOqpTOFugcBsFQPJj6pxfKBtYHEIFTtYI-OzTPdhCE71owl4JkvNYYyG8xvGxFkcZyZ5-0I-ntLdhki1LNzZI74,"it's not updating, fix the issue, when I have going to start a new tab it has automatically closed",1,0,Tanmay Dutta,,86.0.4240.75,2021-02-21,com.android.chrome
504467,https://play.google.com/store/apps/details?id=com.android.chrome&reviewId=gp:AOqpTOERAa_oST-THRpvHCNxiEo9MGnbycKuMS69XvrWVNe1TUXAX2lKqsIxiros5xbC19eFQO6VfkqsYYEPiFI,Will not update,1,0,Eric Hilman,,88.0.4324.93,2021-02-21,com.android.chrome
504468,https://play.google.com/store/apps/details?id=com.android.chrome&reviewId=gp:AOqpTOHP85iLwGlyvECNTlgi-5t0OvTlBIcjwQxODQAisKpKK1vUcRkwxvW3oO6SRyFhLeiZNrfN4WUWyReK-h0,Wow,5,0,Santosh tamang,,88.0.4324.181,2021-02-21,com.android.chrome
504469,https://play.google.com/store/apps/details?id=com.android.chrome&reviewId=gp:AOqpTOH_3l3NXjoAbSJDZ6drYRx_1g4WduAQW23eBb2f5CMfr4tKiWIpRiyYuIcqc2hYpeSws50vk6TSqh0ywms,"First time ever I have to change the browser from the Chrome on mobile device. The tabs, suggestions.... did this even went through quality control?",1,0,David Duricky,,88.0.4324.152,2021-02-21,com.android.chrome
504470,https://play.google.com/store/apps/details?id=com.android.chrome&reviewId=gp:AOqpTOHh4bPyGOTTWIRmrz0y9holyZvXo3Cd37KuIkVHS2i1NLAw2q680ecCOyrhz5JidYO-qtIkiwL3Qw4vRWw,Too much ads,3,0,Xander Xon,,80.0.3987.132,2021-02-21,com.android.chrome
504471,https://play.google.com/store/apps/details?id=com.android.chrome&reviewId=gp:AOqpTOEwypqUkmkz2A81T7G8ywMbvswakzhWpBwHxYwBsAk6FuMMBHYVdzqFducawpAQE1XCymxCdtFoRPzMvIY,App won't update,1,0,Vicki Hargreave,,88.0.4324.181,2021-02-21,com.android.chrome
504472,https://play.google.com/store/apps/details?id=com.android.chrome&reviewId=gp:AOqpTOEidBnMk_8tEW0kQBjSUm7goxq8UQ0n9m8kjR1A26VCuvp1PhAtFdKn8VSBw5cAv7mhVfBUDL24oQnOlKY,Absolute balls,2,0,LogDog,,72.0.3626.121,2021-02-21,com.android.chrome
504473,https://play.google.com/store/apps/details?id=com.android.chrome&reviewId=gp:AOqpTOE6cdqW1qfIz5nZe9GB6ai8JUn8_QDF3mzTWtine-8EtU0ZWCWrj-L8EmHfUS-lNfF5pE1dDMLeMak1RSA,It doesn't update.. Worst experience...,1,0,Rahul Sharma,,83.0.4103.101,2021-02-21,com.android.chrome
504474,https://play.google.com/store/apps/details?id=com.android.chrome&reviewId=gp:AOqpTOFemCGGfZes_rWlYjDLJDIbrkqHR8FBi4xIcpWXPxNttM1b1lxazwyAOnGfeS_FXzAY1rTJv19jHBpkaI8,"Google, stop making useless changes! The tab page has been significantly downgraded and is no longer friendly to use",1,0,Aaron Alavi,,88.0.4324.181,2021-02-21,com.android.chrome
504475,https://play.google.com/store/apps/details?id=com.android.chrome&reviewId=gp:AOqpTOHnxXpibKl_DXHvy-Wpa6JHpyp3kZTgllRZT6RI5ya5SjO6CLNtRLgMkPHzFpYvthQ1aT4XDHcma9I7SS0,Best,5,0,chris,,87.0.4280.101,2021-02-21,com.android.chrome
504476,https://play.google.com/store/apps/details?id=com.android.chrome&reviewId=gp:AOqpTOE9oEDj4hnEhC2Euxe-tSnPnQ77OZ1s18ZemkpbntZVZ7OH6xXskbK77sb0TfZegmZvnYSJIeukMeV2zak,Very bed,1,0,Ankush Sakesh,,83.0.4103.101,2021-02-21,com.android.chrome
504477,https://play.google.com/store/apps/details?id=com.android.chrome&reviewId=gp:AOqpTOHEQSP8J5NJ71BdgqsyFSJBXhaaQKf4jl4DVYubTxLXtBPWa0TLlDN7vfhH3JROsLFkCEp8g-bO4ULOHt8,Great,5,0,Adan Bulle,,88.0.4324.141,2021-02-21,com.android.chrome
504478,https://play.google.com/store/apps/details?id=com.android.chrome&reviewId=gp:AOqpTOE07GJsOuK2cRJGjGChBHwW6Jajur_-JKMZz_dn7y2YeMr4iit4aIHLNJBoS40d_VKFbV00WjAQR4IP6l4,Help full Super,5,0,manda mahesh,,88.0.4324.152,2021-02-21,com.android.chrome